1,www.bilibili.com/video/BV1Li4y127tD,å¿«ï¼,å°æ½®é™¢é•¿,287.2ä¸‡,4.2ä¸‡
2,www.bilibili.com/video/BV1W3411L7LS,åŠ«åŒªï¼šæ‰¾åˆ°ä½ çš„æŠŠæŸ„å•¦ï¼ï¼å“ˆå“ˆå“ˆå“ˆå“ˆå“ˆï¼ï¼ï¼ï¼ï¼,é€—æ¯”çš„é›€å·¢,287.8ä¸‡,6020
3,www.bilibili.com/video/BV1fm4y1d7Tg,ã€æ—¶ä»£å°‘å¹´å›¢ã€‘å®‹äºšè½©åˆ˜è€€æ–‡ã€Šä¸€èµ·ç­‰é›¨åœã€‹,TFå®¶æ—,39.3ä¸‡,8.9ä¸‡
4,www.bilibili.com/video/BV19r4y167pL,å†æ—¶40å¤©ã€200å°æ—¶ æˆ‘ç»ˆäºä¸€å‘½é€šå…³äº†é€ æ¢¦è¥¿æ¸¸3ï¼,æ˜“å‡Œå”,202.2ä¸‡,9873
5,www.bilibili.com/video/BV1FF411J71Q,è€—æ—¶äº”ä¸ªæœˆï¼é«˜ä¸­ç”Ÿè‡ªåˆ¶ç¿»æ‹çš„ã€Šè‰¾æ–¯å¥¥ç‰¹æ›¼ã€‹ç»ˆäºæ¥äº†ï¼,é˜¿å‘†åŒå­¦å•Š,180.6ä¸‡,1.4ä¸‡
6,www.bilibili.com/video/BV1qa411C7ni,å¸¦è‹±æ°´å…µå¦‚ä½•è®¨è–ªï¼Ÿã€ç¡¬æ ¸ç‹ äºº27ã€‘,å°çº¦ç¿°å¯æ±—,215.3ä¸‡,2.3ä¸‡
7,www.bilibili.com/video/BV1Au411R7Gw,å“¥ å“¥ å¤© ä¸‹ ç¬¬ ä¸€,çº¢è‰²æ¿€æƒ…,484.2ä¸‡,4547
8,www.bilibili.com/video/BV1Br4y167bX,é¦™è±æ€’æ–¥é’Ÿç¦»åƒé¥­ä¸ç»™é’±,æ‰˜æ¯”æ˜‚çš„æŠ¤ç”²åŒ…,210.1ä¸‡,1626
9,www.bilibili.com/video/BV1CY411L7hN,è®°ä½å…«ä¸ªè§„å¾‹ï¼Œæƒ³å­—ä¸‘éƒ½éš¾,å¢¨ç«¹æ‰‹å†™,208.5ä¸‡,744
10,www.bilibili.com/video/BV1fR4y1L78r,ä½ æ˜¯åšä»€ä¹ˆå·¥ä½œçš„ï¼Ÿã€è¯»è¯„è®ºã€‘,å¾å¤§è™¾å’¯,134.1ä¸‡,1.4ä¸‡
11,www.bilibili.com/video/BV1Z44y1J7h7,ã€ŠSTAYã€‹å®Œæ•´ç‰ˆæ¥å•¦ï¼çœŸÂ·ç»å…¸é‡ç°ï¼ï¼ï¼,ç”°ä¸€åsir,203.6ä¸‡,5823
12,www.bilibili.com/video/BV1k34y1C7CL,ã€è€ç•ªèŒ„ã€‘å¤§å‚»å­ç¦å°”æ‘©æ–¯(ç¬¬äºŒé›†),è€ç•ªèŒ„,100.1ä¸‡,1.1ä¸‡
13,www.bilibili.com/video/BV1vq4y1t7YN,ã€è¯´å”±ã€‘æˆ‘å»ä¸–äº†ï¼Œç„¶å...,Spylent,142.7ä¸‡,2895
14,www.bilibili.com/video/BV18T4y1D7dF,ä¸€åˆ€ä¸‹å»ï¼Œå…¨é¢å®ç°å†°å¢©å¢©è‡ªç”±ï¼,ä¸ƒåˆ†ç”œçš„ç§‹åˆ€é±¼,255ä¸‡,1.2ä¸‡
15,www.bilibili.com/video/BV1iP4y1F7Kq,å…¨å‘˜å´©æºƒï¼ä»ä¸šè‡³ä»Šï¼Œè¿˜ä»æœªè§è¯†è¿‡è¿™ç§åœºé¢â€¦,é©¬ä¿ç®¡å®¶,342ä¸‡,1.9ä¸‡
16,www.bilibili.com/video/BV1Y341177yQ,æ¸¸æˆé‡Œçš„ä½ ï¼Œå†å¼ºå¤§ä¹Ÿæ²¡æˆ‘å¼ºå¤§ã€‚,æ˜”æ—¥å‹äºº,267.6ä¸‡,1915
17,www.bilibili.com/video/BV1vL411K7UN,ã€STNå¿«æŠ¥ç¬¬å…­å­£21ã€‘ä¸ºäº†æ‹¯æ•‘å·¥ä½œå®¤ï¼ç™½é‡‘ç«Ÿè¯´è‡ªå·±å¯ä»¥å‡ºæ¥å–ï¼,STNå·¥ä½œå®¤,94.6ä¸‡,1.5ä¸‡
18,www.bilibili.com/video/BV1jR4y1L7DC,ã€ é€ æ¸ ç¦» è°± ï¼ã€‘,Minecraft_ä¼ é€é—¨,160.7ä¸‡,2353
19,www.bilibili.com/video/BV1n341177qc,åªä¸ºæˆåŠŸæ‰¾æ–¹æ³•ï¼Œä¸ä¸ºå¤±è´¥æ‰¾ç†ç”±,ç‹ˆæ€»,297.9ä¸‡,1657
20,www.bilibili.com/video/BV1fa411y7eF,ä»ç¤¾ç‰›åˆ°ç¤¾æ­»ï¼Œåªç”¨äº†ä¸€ç§’é’Ÿâ€¦,å¹¿ä¸œå…±é’å›¢,239.2ä¸‡,846
21,www.bilibili.com/video/BV11a411k7Wo,åéœ¸å‡Œæœºè½¦è”ç›Ÿ,æ‘¸é±¼çš„çŸ¥è¯†,133.7ä¸‡,683
22,www.bilibili.com/video/BV1yP4y1F7Do,å¤–åª’è­¦å‘Šè¿åŠ¨å‘˜â€œåˆ«åƒä¸­å›½è‚‰ï¼â€ å¤–å›½è¿åŠ¨å‘˜ï¼šçœŸé¦™,ä¸­å›½æ—¥æŠ¥,263.9ä¸‡,1.1ä¸‡
23,www.bilibili.com/video/BV1sF411E7JE,å¥³ç”Ÿçœ‹åˆ°ç¾å¥³çš„çœŸå®çŠ¶å†µ,æ—æ€å½¤77,265.6ä¸‡,994
24,www.bilibili.com/video/BV1Tm4y1o7Jo,å¹¿è¥¿é¢ è¦†è®¤çŸ¥çš„ 10 å¤§ç°è±¡,é»„ä¸€åˆ€æœ‰æ¯’,230ä¸‡,1.5ä¸‡
25,www.bilibili.com/video/BV1M34y1C71Z,6åˆ†é’Ÿè®²æ˜ç™½ä»€ä¹ˆæ˜¯æ´—é’±,è¡£æˆˆå†å²,468.9ä¸‡,6566
26,www.bilibili.com/video/BV1RP4y1F7tg,ã€æ˜æ—¥æ–¹èˆŸã€‘æˆ‘ç©·äº†ï¼Œä½†æˆ‘ä¹Ÿæ‚Ÿäº†ï¼,ä¸€åªå¤§å“ˆé±¼,97.8ä¸‡,7721
27,www.bilibili.com/video/BV1cu411R7To,ä¸œåŒ—å†¬å¤©çš„æµåŠ¨ç›’é¥­,å°æ›¹å’Œè¾‰å“¥-æ¢,218ä¸‡,1842
28,www.bilibili.com/video/BV1fS4y1r7CN,æ°´è´§ä½›è·³å¢™ï¼Ÿæ¦´è²é…¸èœé±¼ï¼Ÿç°åœ¨ç½‘çº¢åº—éƒ½è¿™ä¹ˆé‡äº†ï¼Ÿã€è¿˜æ„¿æŒ‘æˆ˜ep08-ä¸‰å·ä»“åº“ã€‘,ç‹å¸ˆå‚…å’Œå°æ¯›æ¯›,116.5ä¸‡,6667
29,www.bilibili.com/video/BV1BZ4y1R7EQ,å±‘ç‹ç‹¸é€¼ğŸ‘´ç»“å©š ã€åŸç¥åŠ¨ç”»/å…«é‡ç¥å­ã€‘,è‰¾å°”åå…­,136ä¸‡,9246
30,www.bilibili.com/video/BV1Zb4y147oV,ç¦»è°±ï¼å‡è£…åœ¨å¥³å‹é¢å‰å¹æ°”æµçœ¼æ³ªâ€¦å¥¹ç«Ÿç„¶ä¸åœäº²æˆ‘ï¼Ÿ,ç›–é‡Œè€å“¥,117.9ä¸‡,6576
31,www.bilibili.com/video/BV1TY41157h1,åŸç¥2022å®£ä¼ è§†é¢‘-ã€Œæ¥è‡ªç¾¤æ˜Ÿã€æ„¿å‰è·¯æ°¸æ— æ­¢å¢ƒ,-é˜¿æ´‹Yoko-,64.2ä¸‡,1650
32,www.bilibili.com/video/BV1Ju411X72A,æ‹¿äº†å† å†›å´ä¸€ä¸ªäººæŠ±ç€å°ç†Šå­¤é›¶é›¶çš„åç€ï¼Œå¥¹è¿™å‡ å¥è¯ï¼Œå¤Ÿæˆ‘ç²‰å¥¹ä¸€è¾ˆå­äº†ï¼ï¼ï¼,çˆ±ç¡è§‰çš„_Koala,326.4ä¸‡,1048
33,www.bilibili.com/video/BV1tr4y167ZA,å¤§çˆ·é—®æˆ‘ä»å“ªå­¦çš„äº”å­æ£‹ï¼Œæˆ‘æ²¡æ•¢å‘Šè¯‰ä»–,å¤§è€å¸ˆSam,318.5ä¸‡,2368
34,www.bilibili.com/video/BV1X341177zi,ã€ŠåŸç¥ã€‹è§’è‰²æ¼”ç¤º-ã€Œå…« é‡ è”¡ å­ã€,æ²¡æ—©æ™¨çš„é©¬ä¸,196.3ä¸‡,4996
35,www.bilibili.com/video/BV125411o7Ln,çœŸå®ï¼å½±è§†å‰§é‡Œçš„é«˜ä¸­ç”Ÿvsç°å®ä¸­çš„é«˜ä¸­ç”Ÿ,å®‰å®‰æ‰æ²¡æœ‰é»„,190.7ä¸‡,1450
36,www.bilibili.com/video/BV1VF411E7qK,ç©è¿™ä¸ªè¦å…ˆå­¦ä¼šâ€œå¬è¯â€ï¼Œå†ç»ƒä¹ â€œè®¤æ€‚â€ï¼,éª¨ç°ç©å®¶é™ˆäºŒç‹—,125.9ä¸‡,642
37,www.bilibili.com/video/BV1yT4y1D7mh,å°å§å§è¯´æƒ³è¦ååœ¨ç†Šèº«ä¸Š ç†Šï¼šæ¥å‘€æ¥å‘€ ã€è¡—å¤´æ¶ä½œå‰§æŒ‘æˆ˜66ã€‘,é‡ç”Ÿå¤§è‚¥æ‰¬,234.2ä¸‡,2083
38,www.bilibili.com/video/BV1tr4y167nD,ç ´  å†°  è€…  ï¼ˆå­¤å‹‡è€…  å†¬å­£é™å®šç‰ˆ),åäº”çš„æœˆäº®å»¿ä¹åœ†,401.4ä¸‡,4704
39,www.bilibili.com/video/BV1vY411V7rn,ä¸ºäº†ç»™å°çŒ«å’ªå‡è‚¥ï¼Œæˆ‘æŠŠæˆ‘çˆ¸çš„è½¦å¼€çƒ‚äº†...,è©¹è©¹å®¶çš„çŒ«meow,152.4ä¸‡,1725
40,www.bilibili.com/video/BV1P34y1C7RB,è¿™è¯¥æ­»çš„èƒœè´Ÿæ¬²,å¨±ä¹å–µå–µå–µ,149.9ä¸‡,199
41,www.bilibili.com/video/BV1fF41177fP,ã€Šæ˜æ—¥æ–¹èˆŸã€‹å±æœºåˆçº¦æ–°èµ›å­£ã€Œå¯»æ˜¼è¡ŒåŠ¨ã€å®£ä¼ PV,æ˜æ—¥æ–¹èˆŸ,110ä¸‡,2753
42,www.bilibili.com/video/BV1JL4y1g7Wc,âš¡ï¸æ¯” æ¯” å®‰ æ…• å¸Œâš¡ï¸,Bakaæ¶é­”,104.5ä¸‡,685
43,www.bilibili.com/video/BV1Hu411X7D4,æ•…åœ°é‡æ¸¸ï¼Œè¡—å¤´å–æ°´ï¼Œç¾å¥³ç¯ç»•ã€‚,åˆ˜åº¸å¹²å‡€åˆå«ç”Ÿ,171.7ä¸‡,8086
44,www.bilibili.com/video/BV1ju411X7Zm,è‰¯å¿ƒåˆ°éš¾ä»¥ç½®ä¿¡çš„ç½‘ç«™æ¨è9ä¸¨å…¨ç¨‹é«˜èƒ½,-LKs-,57.8ä¸‡,5746
45,www.bilibili.com/video/BV1ub4y1t7ec,æˆ‘æœ‰å¸½å­çŒ«å•¦ï¼,çº¢ç³–æ‰“å¹´ç³•,94.7ä¸‡,1607
46,www.bilibili.com/video/BV1YZ4y1R7Hb,å¯„,Liz5187,478.4ä¸‡,3206
47,www.bilibili.com/video/BV1QF411E7fz,æˆ‘ä¹°äº†ä¸€äº›å¥½ç©çš„ï¼,è´¤å®å®Baby,91.1ä¸‡,7619
48,www.bilibili.com/video/BV1NT4y1Q7dJ,ç”Ÿè¾°çº²ï¼šå±ï¼æäº‹ä¸ƒäººç»„é›†ç»“ï¼ã€Šæ°´æµ’ä¼ ã€‹P9ï¼ˆä¸ƒæ˜Ÿèšä¹‰ï¼‰,æœ¨é±¼æ°´å¿ƒ,76.7ä¸‡,1.4ä¸‡
49,www.bilibili.com/video/BV14u411X7H7,ã€åŒ»å­¦åšå£«ã€‘ç¥¸ä»å£å…¥ï¼Œä¸€å£åƒæ‰6000åªå¯„ç”Ÿè™«ï¼ŸI äººç±»æœ€å®¹æ˜“æ„ŸæŸ“çš„ä¸‰ç§å¯„ç”Ÿè™«,å…”å­å’¯,107.1ä¸‡,5775
50,www.bilibili.com/video/BV14341177vs,æ–°ç–†æ°‘è­¦åœ¨å¿«é¤åº—é—¨å£å–æš–ï¼Œåº—å‘˜è¿™ä¸€ä¸¾åŠ¨å¤ªæš–,æ–°ç–†å…±é’å›¢,138.6ä¸‡,1428
51,www.bilibili.com/video/BV1i34y1C7Mb,é«˜ä¸­å¿™çš„ç†æ‰€åº”å½“ å¤§å­¦å¿™çš„è«åå…¶å¦™,å¼ å‡¤éœ111,121.6ä¸‡,850
52,www.bilibili.com/video/BV1Bq4y1t7AY,è¿™ä¸€æ™ƒå±…ç„¶å·²ç»10å¹´äº†,ç†Šå‡ºæ²¡BoonieBears,90.9ä¸‡,2940
53,www.bilibili.com/video/BV17m4y1o7nm,ç¼‰æ¯’æ°‘è­¦ç‰ºç‰²å‰çš„æœ€åä¸€é¤ä¹Ÿæ²¡èƒ½å¥½å¥½åƒ,ä¸­å›½è­¦å¯Ÿç½‘,111.4ä¸‡,5084
54,www.bilibili.com/video/BV13q4y1t7V8,è¿™å±‘ç‹ç‹¸ç«Ÿå¦‚æ­¤çš„ç”œç¾!,KKOMDA,145.7ä¸‡,1061
55,www.bilibili.com/video/BV1ju411X7mx,ç–¯äº†ï¼å¥½åƒåˆ°ç–¯äº†ï¼ã€ä¼šçˆ†æµ†çš„é¸¡è…¿ã€‘éå¸¸çš„å“‡å¡ï¼,é¾™å¸…é£Ÿå ‚,115.3ä¸‡,277
56,www.bilibili.com/video/BV17r4y1r7mS,é‚®å±€å’–å•¡ç‰¹æ­¤å£°æ˜,ä¸­å›½é‚®æ”¿,147.8ä¸‡,3274
57,www.bilibili.com/video/BV1D34y1C7hC,ã€è·¯æ¸©ã€‘ã€Šè±†ç“£2.7åˆ†ã€‹,è·¯æ¸©1900,119.3ä¸‡,1.2ä¸‡
58,www.bilibili.com/video/BV18S4y1r7DX,â€œæ»¡çº§åŠ¨ç‰©è¡Œä¸ºå¤§èµâ€,äººé—´è¿·æƒ‘è¡Œä¸ºå¤§èµV,142ä¸‡,1385
59,www.bilibili.com/video/BV1FF411E7WT,è¨æ‹‰ä¼¯å°”  å¨å­æ¢åº—Â¥1313,çœŸæ¢å”ä»æ°,169.4ä¸‡,6062
60,www.bilibili.com/video/BV1Va41117B2,ç½‘ç»œçƒ­é—¨äº‹ä»¶åˆ†æï¼šé£˜ç§»æ­»æ´»å­¦ä¸ä¼šï¼Ÿé‚£å°±ä¸Šç‰¹æ•ˆå§â€¦â€¦,æ¨æ…¢æ…¢è¿½é£é€æ—¥,196.3ä¸‡,615
61,www.bilibili.com/video/BV1QL4y137Ye,ã€Šå…³äºä¸Šäº†ä¸¤å¹´ç½‘è¯¾çš„æˆ‘è¿”æ ¡èµ°é”™å­¦æ ¡è¿™ä»¶äº‹ã€‹,è¿·äººçš„å¤§åæ´¾å–”,142.5ä¸‡,139
62,www.bilibili.com/video/BV1bR4y1L7LJ,ç¾å¼éœ¸å‡Œï¼Œä½†æ˜¯æ˜¯ç”»å¸ˆç‰ˆ,å’ªè€¶å’ªè€¶å’ªè€¶è€¶,85.5ä¸‡,1372
63,www.bilibili.com/video/BV1z341177ZQ,è¿™ä¸ªupç–¯äº†ï¼Œä»–ç®—å‡ºäº†æµ·ç»µå®å®æœ‰å¤šå°‘ä¸ªæ´ã€‚ã€‚ã€‚,æœ€ä¸Šå·ä¸‹å±±,325.1ä¸‡,2407
64,www.bilibili.com/video/BV1oR4y1L73B,å®¿èˆæ¥¼ä¸‹æœ‰åªçŒ«å¡æ ‘ä¸Šäº†å“ˆå“ˆå“ˆå“ˆå“ˆå“ˆå“ˆå“ˆå“ˆå“ˆå“ˆå“ˆå“ˆå“ˆå“ˆå“ˆå“ˆå“ˆå“ˆå“ˆå“ˆå“ˆå“ˆå“ˆå“ˆå“ˆå“ˆå“ˆå“ˆå“ˆ,å¥½å‡ åªå¤§å…”å­,123.6ä¸‡,2269
65,www.bilibili.com/video/BV1G5411Z7eZ,â€œç»™æˆ‘å®¶çŒ«çœ‹äº†ï¼Œå®ƒè¯´ä¸ä¿¡è°£ä¸ä¼ è°£â€,ç”Ÿæ´»å……æ»¿å¸Œæœ›,208.9ä¸‡,1559
66,www.bilibili.com/video/BV1Pb4y1t71T,UNOOOOOOO!!,é«˜æ–¯Goh,85ä¸‡,4357
67,www.bilibili.com/video/BV1j3411L76h,è¿™ä¸ªå‘å‹å¤Ÿç»ƒä¹ ç”Ÿå—ï¼Ÿ,å±±åŸå°æ —æ—¬çš„ç†å‘æ—¥è®°,191.5ä¸‡,6291
68,www.bilibili.com/video/BV1SS4y1F7ds,åˆ«äººéƒ½è§‰å¾—æˆ‘å†·å†·çš„ï¼Œåªæœ‰ä½ çŸ¥é“æˆ‘æ†¨æ†¨çš„,æ²³é‡å,113.2ä¸‡,687
69,www.bilibili.com/video/BV15S4y1F7h3,ä¹°ä¸åˆ°å†°å¢©å¢©é‚£å°±è‡ªå·±ç”»å§,å¹¾åŠ ä¹˜,50.1ä¸‡,1423
70,www.bilibili.com/video/BV1gb4y1t7WG,ã€Šé¬¼ç­ä¹‹åˆƒÂ·æ— é™æ¸¸éƒ­ç¯‡ã€‹ é£ç¢Ÿç¤¾éƒ½ä¸æ•¢è¿™ä¹ˆç¼–ï¼ï¼,æ€ªå…½ç”µå°MonsterBlog,72.9ä¸‡,1383
71,www.bilibili.com/video/BV1ni4y127MD,ã€æ•£äººã€‘è¶…äºŒæ¬¡å…ƒæµ“åº¦å‘çˆ¹i wanna ä½ æƒ³è¦çš„ä»–éƒ½æœ‰ã€‚ã€‚,é€é¥æ•£äºº,65.6ä¸‡,7428
72,www.bilibili.com/video/BV1xr4y1r7Vn,å¯æ€œçš„æ°´å²è±å§†,åˆ˜ç¥åŠ¨ç”»,62.6ä¸‡,233
73,www.bilibili.com/video/BV1Nb4y1t737,æ æ€– ç”Ÿ å­˜ 7,ç±½å²·,42.4ä¸‡,4594
74,www.bilibili.com/video/BV1w44y1n7tn,ã€ç²¾çµæ—…ç¤¾ã€‘èƒ¯éª¨è½´å­æ‰­è„±è‡¼,é…¸æ¢¨å¤§ç‹,106.4ä¸‡,694
75,www.bilibili.com/video/BV14P4y1w79a,çœ‹äº†è¿™ä¸ªè§†é¢‘ï¼Œæˆ‘å†ä¹Ÿæ²¡æœ‰å–è¿‡å¥¶èŒ¶,å¥½çœ‹çš„è“æ˜Ÿäºº,208.8ä¸‡,1532
76,www.bilibili.com/video/BV1BT4y1X7XP,ã€åŸç¥ã€‘ä¸‰ç•Œè·¯é£¨ç¥­å®ç®±å…¨æ”¶é›†ï¼ˆ125å®ç®±ï¼‰,è´è‹£æŸäºº,222.9ä¸‡,9378
77,www.bilibili.com/video/BV1z3411L7ku,ç½‘ç»œçƒ­é—¨ç”Ÿç‰©å­¦è§†é¢‘é‰´å®šã€é‰´å®šç³»åˆ—02ã€‘,çˆ±çœ‹æŠ¥çš„Kris,88.4ä¸‡,7613
78,www.bilibili.com/video/BV1iT4y1D7Ui,æ—¶éš”ä¸¤æœˆï¼æˆ‘ç»ˆäºæ‹¼å‡ºäº†å²ä¸Šæœ€å·¨å¤§å¸å›½è£…ç”²è½¦ï¼,é›¨å“¥åˆ°å¤„è·‘,65.1ä¸‡,3310
79,www.bilibili.com/video/BV14b4y147S7,é‚£3090TIæ˜¯ä¸æ˜¯èƒ½æŠŠåœ°çƒç‚¸è£‚å¼€,é˜¿è¯šä¸å¥‡æ€ª,109.6ä¸‡,41
80,www.bilibili.com/video/BV1yu411Q7KU,ä¸€äº›æ•£è½äººé—´çš„ä¸­å›½å¼æµªæ¼«ï¼Œä½ æˆ‘éƒ½æ‡‚ï¼Œç›´æ¥ç ´é˜²äº†,ç‹è«å¢¨,94.8ä¸‡,346
81,www.bilibili.com/video/BV14a411C7q5,ã€é¬¼è°·é—²è°ˆã€‘ä¸€åœºç»µå»¶1500å¤šä¸‡å¹´çš„ç˜Ÿç–«,èŠ³æ–¯å¡”èŠ™,92.4ä¸‡,2971
82,www.bilibili.com/video/BV1vu411X7xM,å½“ä½ æ§åˆ¶äº†ä¸»æ’­ï¼ä¼šå‘ç”Ÿä»€ä¹ˆï¼Ÿ,ä¸­å›½BOYè¶…çº§å¤§çŒ©çŒ©,67ä¸‡,1.3ä¸‡
83,www.bilibili.com/video/BV1d44y1H7gP,ç‰‡ å ä¸º å¯„,åå­—å°±å«å¤§æ¢¦ä¸€åœº,160.9ä¸‡,5115
84,www.bilibili.com/video/BV1xS4y1F7Qd,åŠä¸ªæœˆäº†ï¼Œå†°å¢©å¢©ç»ˆäºæ‰¬çœ‰åæ°”äº†ï¼,é”‹å«æ‘‡æ‘†è€å¸æœº,70ä¸‡,450
85,www.bilibili.com/video/BV1PR4y1j7MA,æ²Ÿé€šå…¨é è§†é¢‘é€šè¯ï¼Œé¡¶ç€ipadå‡ºé—¨å¸®åˆ«äººçº¦ä¼šèƒ½æœ‰å¤šç¤¾æ­»ï¼Ÿ,å•Šå—ç²½,75.1ä¸‡,3679
86,www.bilibili.com/video/BV1Er4y1r7qz,å½“è‹±å›½äººå’Œç¾å›½äººä¸€èµ·è¯´ä¸­æ–‡â€¦â€¦æˆ‘ç¬‘ä¸æ´»äº†,è€å°‘å¥³é˜¿ç‚,79.5ä¸‡,7215
87,www.bilibili.com/video/BV1C3411L7dT,ã€ç‹æ¿›ã€‘æˆ‘çš„é‡‘å¢©å¢© è¢«æˆªèƒ¡äº†ï¼ï¼ï¼,ç‹æ¿›,123.2ä¸‡,3572
88,www.bilibili.com/video/BV1kF411E7X2,æœ‹å‹ä»¬ï¼Œç‰›çš®ä½ ä»¬åƒè¿‡å—ï¼Ÿä»Šå¤©åˆ†äº«ä¸‰ç§ç‰›çš®çš„åšæ³•ç»™å¤§å®¶çœ‹çœ‹,å”å°ç±³å©†å©†,126.9ä¸‡,2901
89,www.bilibili.com/video/BV1mm4y1d7BB,ã€Šå´©å3ã€‹å…¨æ–°SPè§’è‰²ã€Œç©ºæ¢¦Â·æ é›†ä¹‹å…½ã€é¢„å‘Š,å´©å3ç¬¬ä¸€å¶åƒçˆ±é…±,103.4ä¸‡,7486
90,www.bilibili.com/video/BV1NR4y1j7gd,ç»ˆäºåƒåˆ°è‹±å›½æ–°ç–†èœå¤©èŠ±æ¿ é‡å¤§è¿‡ç˜¾,å‡ç¾é£Ÿpoä¸»,83.1ä¸‡,6765
91,www.bilibili.com/video/BV1rP4y1w77M,å®¶å¸¸é¦…é¥¼æ–°åƒæ³•,é˜¿æ¥ ç¾é£Ÿæ•™åšèœ,149.5ä¸‡,879
92,www.bilibili.com/video/BV1t44y1n7cT,ç¦» è°± é¢œ æ–‡ å­— ç½‘ æ–‡ âˆ ( á› ã€âˆ â€)__,ä¸‰åå…­è´±ç¬‘,60.6ä¸‡,4371
93,www.bilibili.com/video/BV1jS4y1r7TK,é•œå¤´ä¸‹æˆ‘é‚£ç¾ä¸½çš„å¦»å­,ä»»æ€§çš„KIMKILLS,143ä¸‡,308
94,www.bilibili.com/video/BV1vL411K7ad,â€œä¸‡ç‰©çš†æœ‰çµæ€§â€,éš”å£å¤§è‚¥çŒ«,114ä¸‡,1501
95,www.bilibili.com/video/BV11Y411V752,çŒ«æ°¸è¿œæ˜¯çŒ«ï¼Œäººæœ‰æ—¶å€™æ˜¯ç‹—ï¼,æœ‰å–µä¸‡äº‹è¶³,125.4ä¸‡,479
96,www.bilibili.com/video/BV1PY411578X,ã€èŠ±æ»‘è¿åŠ¨å‘˜åƒé‡‘ã€‘æˆ‘çš„è¡¨æ¼”æ»‘å½©æ’èŠ±çµ®,å®‰å¨œ-è°¢å°”å·´ç§‘å¨ƒ,81.8ä¸‡,1582
97,www.bilibili.com/video/BV18L411K7hQ,bç«™æœ€â€œå‹¤å¥‹â€åšä¸»çš„ä¸€å¤©,nyaé…±çš„ä¸€ç”Ÿ,53.3ä¸‡,6906
98,www.bilibili.com/video/BV1Em4y1d7wR,ã€âš ï¸å¤–æ”¾è­¦å‘Šã€‘å¼ºè¿«ç—‡èˆ’é€‚è§†é¢‘,Xiaowen_Liu,185.4ä¸‡,1135
99,www.bilibili.com/video/BV1E34y1C7Rp,è¿™ä¸œè¥¿è¦æ˜¯ç«äº†ï¼Œæˆ‘å°±coså± å¤«å»ä¸Šç­ï¼,2u2bu,158.2ä¸‡,3093
100,www.bilibili.com/video/BV1Rm4y1d7wU,æ€ä¹ˆå¯ä»¥åƒå…”å…”ï¼Ÿæ³•å›½çŒäººvséº»è¾£å…”ä¸,å·´é»å°éƒ­éƒ­,207.8ä¸‡,422
