{'name': '2020年欧美爱情片《伤心画廊》BD中字',
 'src': 'https://www.dygod.net/d/file/html/gndy/jddy/2020-10-28/eee32a97d21c70c59b5a065d59ea105c.jpg'}{'name': '2020年美国喜剧爱情片《假日约会》BD中字',
 'src': 'https://www.dygod.net/d/file/html/gndy/jddy/2020-10-29/395a9ef75bc9bb8f2f1e1f08fb7c1443.jpg'}{'name': '2020年美国纪录片《塞加拉陵墓揭秘》BD中字',
 'src': 'https://www.dygod.net/d/file/html/gndy/jddy/2020-10-29/d1f899d03272ffc6911fc85872dbd62a.jpg'}{'name': '2020年法国剧情片《如何成为一位好妻子》BD中字',
 'src': 'https://www.dygod.net/d/file/html/gndy/jddy/2020-10-30/2f243692c89ae914c4f2975c5c7710a2.jpg'}{'name': '2020年美国爱情奇幻片《藕断丝连》BD中字',
 'src': 'https://www.dygod.net/d/file/html/gndy/jddy/2020-10-29/6c35474ea83f662fb227dd51beccc16b.jpg'}{'name': '2019年美国6.8分剧情片《我的生命之光》BD中字',
 'src': 'https://www.dygod.net/d/file/html/gndy/jddy/2020-10-29/77fb540b07357efe3ec52c9caf6923f7.jpg'}{'name': '2020年国产7.7分历史战争大片《八佰》HD国语中字',
 'src': 'https://www.dygod.net/d/file/html/images/2021-12-12/729286e599e8c1721ac6add384fd2cff.jpg'}{'name': '2017年韩国7.7分动作犯罪片《王者》BD韩语中字',
 'src': 'https://www.dygod.net/d/file/html/gndy/dyzz/2020-10-31/c8a553764190a3ef7b24c755f3450246.jpg'}{'name': '2020年加拿大6.7分喜剧片《舞台老妈》BD中英双字',
 'src': 'https://www.dygod.net/d/file/html/gndy/jddy/2020-11-01/973174f0f6a280925a8d57055254b2bd.jpg'}{'name': '2019年美国剧情片《魔鬼有一个名字》BD中英双字',
 'src': 'https://www.dygod.net/d/file/html/gndy/jddy/2020-11-02/57837b1f29a5e5e1003f8676aa3049a8.jpg'}{'name': '2020年国产奇幻古装片《海大鱼》HD国语中字',
 'src': 'https://www.dygod.net/d/file/html/gndy/jddy/2020-11-02/b4b5df61e713db830061bc37f8bfc046.jpg'}{'name': '2020年国产剧情片《战疫2020之我是医生》HD国语中字',
 'src': 'https://www.dygod.net/d/file/html/gndy/dyzz/2020-11-04/8b5073fec16a92c731f90a48ba53feff.jpg'}{'name': '2019年中国香港7.5分剧情片《金都》BD国语中字',
 'src': 'https://www.dygod.net/d/file/html/gndy/dyzz/2020-11-03/7a7f421f8cff9e6b433cfa66bf987c79.jpg'}{'name': '2020年法国6.6分犯罪片《恶棍之城》BD中字',
 'src': 'https://www.dygod.net/d/file/html/gndy/dyzz/2020-11-02/a50817b9d5dbbf7605f67e2b66c2bb03.jpg'}{'name': '2000年中国香港经典动作犯罪片《顺流逆流》BD原声中字',
 'src': 'https://www.dygod.net/d/file/html/gndy/dyzz/2020-11-04/8205d19cf697516df433bf1f0010dc90.jpg'}{'name': '2020年中美合拍动作片刘亦菲版《花木兰》BD国英双语中英双字',
 'src': 'https://www.dygod.net/d/file/html/gndy/dyzz/2020-11-03/bc06f8d1d15b4ddec45f0a24590b13e8.jpg'}{'name': '2019年中国香港6.3分剧情片《死因无可疑》BD国粤双语中字',
 'src': 'https://www.dygod.net/d/file/html/gndy/jddy/2020-11-05/36baa4af2bcaf1ee5afc1874c87797de.jpg'}{'name': '2020年日本6.1分惊悚片《母亲》BD日语中字',
 'src': 'https://www.dygod.net/d/file/html/gndy/dyzz/2020-11-06/fd648e03ee9c46cc64507339d019cc2b.jpg'}{'name': '2020年国产古装片《古剑奇谭之伏魔纪》HD国语中字',
 'src': 'https://www.dygod.net/d/file/html/gndy/jddy/2020-11-13/79105e69137868c74ca736f86f7f5cb7.jpg'}{'name': '2020年国产7.1分喜剧片《一点就到家》HD国语中字',
 'src': 'https://www.dygod.net/d/file/html/gndy/dyzz/2020-11-11/1546619ebcce46e9096f27cd5ab99cd2.jpg'}{'name': '2020年国产成龙杨洋艾伦动作片《急先锋》HD国粤双语中字',
 'src': 'https://www.dygod.net/d/file/html/gndy/dyzz/2020-11-13/a47071d57cc518d45ffce076e4a8b127.jpg'}{'name': '2019年国产8.0分喜剧儿童片《树上有个好地方》BD国语中字',
 'src': 'https://www.dygod.net/d/file/html/images/2021-01-16/8c7b208cfe03fc284ae0060401b17182.jpg'}{'name': '2020年国产7.0分奇幻动画片《姜子牙》HD国语中字',
 'src': 'https://www.dygod.net/d/file/html/gndy/dyzz/2020-11-17/fbb853258d62f95245e320ef2f977113.jpg'}{'name': '1992年中国香港经典喜剧动作片《鹿鼎记》BD国粤双语中字',
 'src': 'https://www.dygod.net/d/file/html/images/2021-06-28/f58c0d8c9e6e614b58e9662a277aff76.jpg'}{'name': '1992年中国香港经典喜剧动作片《鹿鼎记2：神龙教》BD双语中字',
 'src': 'https://www.dygod.net/d/file/html/gndy/jddyy/2020-11-18/0eb5e5c573706fa6c151d867920ce3ed.jpg'}{'name': '2020年国产喜剧片《春来怒江》HD国语中字',
 'src': 'https://www.dygod.net/d/file/html/gndy/jddy/2020-11-24/83d292aa89a0a44e2b3bc4cad41f4ff1.jpg'}{'name': '2020年中国香港陈国坤动作片《拳道》HD国语中字',
 'src': 'https://www.dygod.net/d/file/html/gndy/jddy/2020-11-26/d3f103748a8f5f64aa09d1088ebcde91.jpg'}{'name': '2020年国产喜剧片《无疯也起浪》HD国语中字',
 'src': 'https://www.dygod.net/d/file/html/gndy/jddy/2020-11-21/581b88182f4868e210309d4130ed7bb1.jpg'}{'name': '2020年国产7.9分纪录片《这一年》HD国语中字',
 'src': 'https://www.dygod.net/d/file/html/gndy/jddy/2020-11-22/8ac7b4248713df1790f616a6f10d7daf.jpg'}{'name': '2020年国产动作犯罪片《无间行者之生死潜行》HD国粤双语中字',
 'src': 'https://www.dygod.net/d/file/html/gndy/jddy/2020-11-21/a41656fbd69334b32cccebb558851d17.jpg'}